Pays,Ville,Année,Mois,Température (°C),Humidité (%),Vent (m/s),Pression (hPa),Score Météo
Palau,Adkip,2024,5,27.0,89.0,1.888904,1012.0,85.0
Palau,Adkip,2024,6,26.478947368421053,89.6842105263158,1.7368560000000002,1011.3684210526316,77.89473684210526
