Pays,Ville,Année,Mois,Température (°C),Humidité (%),Vent (m/s),Pression (hPa),Score Météo
Palau,Koror,2024,6,27.04,83.9,1.8083478,1010.7,83.5
Palau,Koror,2024,7,26.97241379310345,83.48275862068965,2.8889120000000004,1010.2413793103449,73.10344827586206
Palau,Koror,2024,8,28.442857142857143,75.78571428571429,3.1210567142857144,1010.2142857142857,73.21428571428571
