Pays,Ville,Année,Mois,Température (°C),Humidité (%),Vent (m/s),Pression (hPa),Score Météo
Russia,Lom,2024,6,20.016666666666666,69.16666666666667,2.9676163333333334,1007.8333333333334,65.0
Russia,Lom,2024,7,24.933333333333334,43.5,2.337981666666667,1016.0,100.0
