Pays,Ville,Année,Mois,Température (°C),Humidité (%),Vent (m/s),Pression (hPa),Score Météo
Maldives,Felidhoo,2024,5,28.823529411764707,80.58823529411765,9.357918,1008.7647058823529,45.294117647058826
Maldives,Felidhoo,2024,6,28.77058823529412,77.29411764705883,5.790896,1010.7058823529412,54.11764705882353
