Pays,Ville,Année,Mois,Température (°C),Humidité (%),Vent (m/s),Pression (hPa),Score Météo
Iceland,Grindavik,2024,5,8.411764705882353,76.23529411764706,8.89713,1010.3529411764706,58.23529411764706
Iceland,Grindavik,2024,6,9.326315789473684,73.57894736842105,8.026380000000001,1012.421052631579,65.0
